{
    "i-03a8cbc0a36f6ff14": {
        "avergae": 0.28693637120583815,
        "minimum": 0.05
    },
    "i-0f368b415a8c3db2e": {
        "avergae": 0.14309873892543543,
        "minimum": 0.05
    }
}